username,firstName,lastName
user002,User,2
user003,User,3
user004,User,4
user005,User,5
user006,User,6
user007,User,7
user008,User,8
user009,User,9
user010,User,10
user011,User,11
user012,User,12
user013,User,13
user014,User,14
user015,User,15
user016,User,16
user017,User,17
user018,User,18
user019,User,19
user020,User,20
user021,User,21
user022,User,22
user023,User,23
user024,User,24
user025,User,25
user026,User,26
user027,User,27
user028,User,28
user029,User,29
user030,User,30
user031,User,31
user032,User,32
user033,User,33
user034,User,34
user035,User,35
user036,User,36
user037,User,37
user038,User,38
user039,User,39
user040,User,40
user041,User,41
user042,User,42
user043,User,43
user044,User,44
user045,User,45
user046,User,46
user047,User,47
user048,User,48
user049,User,49
user050,User,50
